id,Name,SMILES,Energy_Hatree,Thermal_correction_to_Gibbs_Free_Energy_Hatree,Thermal_correction_to_Enthalpy_Hatree,Entropy_J_per_mol_K,HOMO_Hatree,LUMO_Hatree,Dipole_Debye,Gibbs_Free_Energy_Hatree,Enthalpy_Hatree,ECW_V,Software,Source,Theory_Level
1,ComponentB2,CC(C)C[C@H](N)C(=O)[O-],-905.9460358,0.056006,0.115546,524.3095920000001,-0.09738,0.09571,-906.2327718,-905.8900298,-905.8304898,5.252047999999999,Gaussian,QC,"opt+freq: b3lyp/6-311G** em=gd3bj
energy: M062X/6-311G+(2d, p) em=gd3"
2,ComponentB24,CCS(=O)(=O)[O-],-703.1080762,0.045625,0.083596,334.368544,-0.06034,0.177,-703.2340405,-703.0624512,-703.0244802,6.455648,Gaussian,QC,"opt+freq: b3lyp/6-311G** em=gd3bj
energy: M062X/6-311G+(2d, p) em=gd3"
3,ComponentB53,N#Cc1cccc([B-](F)(F)F)c1,-648.5194329,0.059178,0.108382,433.2866720000001,-0.13117,0.07338,-648.7386591,-648.4602549,-648.4110509,5.56376,Gaussian,QC,"opt+freq: b3lyp/6-311G** em=gd3bj
energy: M062X/6-311G+(2d, p) em=gd3"
4,ComponentB54,N#Cc1ccc([B-](F)(F)F)cc1,-648.5204563,0.05922,0.108433,433.366168,-0.12985,0.0733,-648.7398366,-648.4612363,-648.4120233,5.525679999999999,Gaussian,QC,"opt+freq: b3lyp/6-311G** em=gd3bj
energy: M062X/6-311G+(2d, p) em=gd3"
5,ComponentB55,Fc1ccccc1[B-](F)(F)F,-655.5110799,0.054483,0.1006,406.1032240000001,-0.10501,0.12602,-655.7225732,-655.4565969,-655.4104799,6.284016,Gaussian,QC,"opt+freq: b3lyp/6-311G** em=gd3bj
energy: M062X/6-311G+(2d, p) em=gd3"
6,ComponentB56,F[B-](F)(F)c1cccc(C(F)(F)F)c1,-893.3341618,0.060705,0.115897,486.021808,-0.12387,0.09832,-893.6105914,-893.2734568,-893.2182647999999,6.043568,Gaussian,QC,"opt+freq: b3lyp/6-311G** em=gd3bj
energy: M062X/6-311G+(2d, p) em=gd3"
7,ComponentB57,Fc1cccc([B-](F)(F)F)c1,-655.5125677,0.053759,0.100578,412.2913600000001,-0.10816,0.12419,-655.7242276,-655.4588087,-655.4119896999999,6.31992,Gaussian,QC,"opt+freq: b3lyp/6-311G** em=gd3bj
energy: M062X/6-311G+(2d, p) em=gd3"
8,ComponentB58,COc1cccc([B-](F)(F)F)c1,-670.7797225,0.090724,0.141614,448.131504,-0.08787,0.13302,-671.0150252,-670.6889985,-670.6381085,6.008208,Gaussian,QC,"opt+freq: b3lyp/6-311G** em=gd3bj
energy: M062X/6-311G+(2d, p) em=gd3"
9,ComponentB59,F[B-](F)(F)c1ccc(C(F)(F)F)cc1,-893.3349465,0.060719,0.115924,486.130592,-0.12701,0.09871,-893.6114193,-893.2742275,-893.2190225,6.139584000000001,Gaussian,QC,"opt+freq: b3lyp/6-311G** em=gd3bj
energy: M062X/6-311G+(2d, p) em=gd3"
10,ComponentB60,Fc1ccc([B-](F)(F)F)cc1,-655.5115363,0.05379,0.100614,412.3332,-0.10288,0.12152,-655.7232078,-655.4577462999999,-655.4109223,6.10368,Gaussian,QC,"opt+freq: b3lyp/6-311G** em=gd3bj
energy: M062X/6-311G+(2d, p) em=gd3"
11,ComponentB61,COc1ccc([B-](F)(F)F)cc1,-670.7771805,0.090542,0.141574,449.3867040000001,-0.08528,0.12926,-671.0123528,-670.6866385,-670.6356065,5.835488,Gaussian,QC,"opt+freq: b3lyp/6-311G** em=gd3bj
energy: M062X/6-311G+(2d, p) em=gd3"
12,ComponentB81,O=C(O)c1ccccc1[O-],-495.4510965,0.068531,0.111355,377.112288,-0.0288,0.1198,-495.6406935,-495.3825655,-495.3397415,4.04192,Gaussian,QC,"opt+freq: b3lyp/6-311G** em=gd3bj
energy: M062X/6-311G+(2d, p) em=gd3"
13,ComponentB82,NCCS(=O)(=O)[O-],-758.4600847,0.06189,0.102327,356.091872,-0.07175,0.16775,-758.6065057,-758.3981947000001,-758.3577577000001,6.514399999999999,Gaussian,QC,"opt+freq: b3lyp/6-311G** em=gd3bj
energy: M062X/6-311G+(2d, p) em=gd3"
14,ComponentB86,COc1ccccc1[B-](F)(F)F,-670.7781872,0.09201,0.141727,437.801208,-0.07755,0.13579,-671.0151631,-670.6861772000001,-670.6364602000001,5.802847999999999,Gaussian,QC,"opt+freq: b3lyp/6-311G** em=gd3bj
energy: M062X/6-311G+(2d, p) em=gd3"
15,ComponentB114,COCCOCCOS(=O)(=O)[O-],-1046.6626845,0.129404,0.186671,504.293336,-0.09374,0.14429,-1046.9185025,-1046.5332805,-1046.4760135,6.474416000000001,Gaussian,QC,"opt+freq: b3lyp/6-311G** em=gd3bj
energy: M062X/6-311G+(2d, p) em=gd3"
16,ComponentB120,CCCCCCCCCCOS(=O)(=O)[O-],-1092.7703437,0.253986,0.320532,585.998488,-0.09016,0.10821,-1093.1101791,-1092.5163577,-1092.4498117,5.395664,Gaussian,QC,"opt+freq: b3lyp/6-311G** em=gd3bj
energy: M062X/6-311G+(2d, p) em=gd3"
17,ComponentB123,O=C(CF)OOB([O-])OOC(=O)CF,-905.9460358,0.056006,0.115546,524.3095920000001,-0.09738,0.09571,-906.2327718,-905.8900298,-905.8304898,5.252047999999999,Gaussian,QC,"opt+freq: b3lyp/6-311G** em=gd3bj
energy: M062X/6-311G+(2d, p) em=gd3"
18,ComponentB163,O=S(=O)([O-])Cl,-747.2327407,0.019048,0.069523,444.483056,-0.1093,0.088,-747.4561757,-747.2136927,-747.1632177,5.366559999999999,Gaussian,QC,"opt+freq: b3lyp/6-311G** em=gd3bj
energy: M062X/6-311G+(2d, p) em=gd3"
19,ComponentB191,NCCC(=O)[O-],-323.1661715,0.061592,0.099414,333.054768,-0.02995,0.18797,-323.2910738,-323.1045795,-323.0667575,5.927424,Gaussian,QC,"opt+freq: b3lyp/6-311G** em=gd3bj
energy: M062X/6-311G+(2d, p) em=gd3"
20,ComponentB318,O=C([O-])C(F)(F)C(F)(F)C(F)(F)C(F)(F)C(F)(F)C(F)(F)C(F)(F)C(F)(F)F,-2190.8329911,0.048039,0.134249,759.161696,-0.07438,0.06712,-2191.4133558,-2190.7849521,-2190.6987421,3.8488,Gaussian,QC,"opt+freq: b3lyp/6-311G** em=gd3bj
energy: M062X/6-311G+(2d, p) em=gd3"
21,ComponentB328,CCCCOP(=O)([O-])OCCCC,-958.0531178,0.210993,0.273031,546.30488,-0.08989,0.15418,-958.3618981,-957.8421248,-957.7800868,6.638704,Gaussian,QC,"opt+freq: b3lyp/6-311G** em=gd3bj
energy: M062X/6-311G+(2d, p) em=gd3"
22,ComponentB335,O=[PH]([O-])O,-1690.2182472,0.052252,0.12007,597.20324,-0.0997,0.10928,-1690.5886415,-1690.1659952,-1690.0981772,5.684256,Gaussian,QC,"opt+freq: b3lyp/6-311G** em=gd3bj
energy: M062X/6-311G+(2d, p) em=gd3"
23,ComponentB399,CC(C)(C)C(=O)[O-],-346.4276685,0.095299,0.1371,368.099952,-0.02783,0.17982,-346.5825815,-346.3323695,-346.2905685,5.64808,Gaussian,QC,"opt+freq: b3lyp/6-311G** em=gd3bj
energy: M062X/6-311G+(2d, p) em=gd3"
24,ComponentB404,CC(C)C(=O)[O-],-605.9507311,0.163501,0.217478,475.327504,-0.0686,0.15054,-606.2052445,-605.7872301,-605.7332531,5.960608,Gaussian,QC,"opt+freq: b3lyp/6-311G** em=gd3bj
energy: M062X/6-311G+(2d, p) em=gd3"
25,ComponentB409,CC(C)CP(=S)([S-])CC(C)C,-1453.4891534,0.197479,0.257486,528.414096,-0.0534,0.14002,-1453.7927771,-1453.2916744,-1453.2316674,5.261024,Gaussian,QC,"opt+freq: b3lyp/6-311G** em=gd3bj
energy: M062X/6-311G+(2d, p) em=gd3"
26,ComponentB435,CC(CC(C)(C)C)CP(=O)([O-])CC(C)CC(C)(C)C,-1121.9916277,0.407925,0.488829,712.434784,-0.0752,0.1149,-1122.4597359,-1121.5837027,-1121.5027987,5.170719999999999,Gaussian,QC,"opt+freq: b3lyp/6-311G** em=gd3bj
energy: M062X/6-311G+(2d, p) em=gd3"
27,ComponentB438,CC(F)(F)S(=O)(=O)[N-]S(=O)(=O)C(F)(F)F,-1767.358586,0.041753,0.102133,531.70272,-0.14075,0.14833,-1767.6668128,-1767.316833,-1767.256453,7.862976,Gaussian,QC,"opt+freq: b3lyp/6-311G** em=gd3bj
energy: M062X/6-311G+(2d, p) em=gd3"
28,ComponentB463,Cc1cc(Cl)ccc1OCC(=O)[O-],-1033.6589893,0.106599,0.16052,474.833792,-0.05344,0.10485,-1033.9169754,-1033.5523903,-1033.4984693,4.305488,Gaussian,QC,"opt+freq: b3lyp/6-311G** em=gd3bj
energy: M062X/6-311G+(2d, p) em=gd3"
29,ComponentB464,O=C([O-])C(=O)O,-420.2341981,0.066349,0.106392,352.610784,-0.03942,0.12435,-420.4002711,-420.1678491,-420.1278061,4.454544,Gaussian,QC,"opt+freq: b3lyp/6-311G** em=gd3bj
energy: M062X/6-311G+(2d, p) em=gd3"
30,ComponentB465,O=C([O-])C=Cc1ccccc1,-497.6189036,0.093669,0.140792,414.9565680000001,-0.03788,0.07659,-497.8254755,-497.5252346,-497.4781116,3.113584,Gaussian,QC,"opt+freq: b3lyp/6-311G** em=gd3bj
energy: M062X/6-311G+(2d, p) em=gd3"
31,ComponentB466,O=C([O-])CC(=O)O,-417.0939726,0.029633,0.069434,350.485312,-0.04406,0.1632,-417.2303038,-417.0643396,-417.0245386,5.637472,Gaussian,QC,"opt+freq: b3lyp/6-311G** em=gd3bj
energy: M062X/6-311G+(2d, p) em=gd3"
32,ComponentB484,CCC(CC)C(=O)[O-],-385.7286844,0.121379,0.166978,401.546848,-0.02666,0.16104,-385.9077116,-385.6073054,-385.5617064,5.105439999999999,Gaussian,QC,"opt+freq: b3lyp/6-311G** em=gd3bj
energy: M062X/6-311G+(2d, p) em=gd3"
33,ComponentB490,CCCCC(CC)COC(=O)CC(C(=O)OCC(CC)CCCC)S(=O)(=O)[O-],-1709.1318676,0.476459,0.580011,911.8735120000001,-0.09366,0.08845,-1709.7644741,-1708.6554086,-1708.5518566,4.953392,Gaussian,QC,"opt+freq: b3lyp/6-311G** em=gd3bj
energy: M062X/6-311G+(2d, p) em=gd3"
34,ComponentB508,CCCCCCCCCCCCC(=O)[O-],-660.8606095,0.302531,0.370389,597.55888,-0.02873,0.10065,-661.2083972,-660.5580785,-660.4902205,3.519136,Gaussian,QC,"opt+freq: b3lyp/6-311G** em=gd3bj
energy: M062X/6-311G+(2d, p) em=gd3"
35,ComponentB593,COC(=S)[S-],-949.6533322,0.017529,0.054428,324.937808,-0.0261,0.13187,-949.7857208,-949.6358032,-949.5989042,4.296784,Gaussian,QC,"opt+freq: b3lyp/6-311G** em=gd3bj
energy: M062X/6-311G+(2d, p) em=gd3"
36,ComponentB598,O=P([O-])(C1CCCCC1)C1CCCCC1,-962.3831319,0.273949,0.33385,527.4852480000001,-0.06876,0.14049,-962.7319867,-962.1091829,-962.0492819,5.691599999999999,Gaussian,QC,"opt+freq: b3lyp/6-311G** em=gd3bj
energy: M062X/6-311G+(2d, p) em=gd3"
37,ComponentB634,CCCCCCCCCCCCOP(C)(=O)[O-],-1079.3269574,0.33671,0.411849,661.6703120000001,-0.07591,0.10167,-1079.7378359,-1078.9902474,-1078.9151084,4.830176000000001,Gaussian,QC,"opt+freq: b3lyp/6-311G** em=gd3bj
energy: M062X/6-311G+(2d, p) em=gd3"
38,ComponentB868,CCCCCCOC(=O)CC(C(=O)OCCCCCC)C(C(=O)OCCCCCC)S(=O)(=O)[O-],-2015.6138228,0.563636,0.684679,1065.89492,-0.11079,0.08379,-2016.3830027,-2015.0501868,-2014.9291438,5.292576,Gaussian,QC,"opt+freq: b3lyp/6-311G** em=gd3bj
energy: M062X/6-311G+(2d, p) em=gd3"
39,ComponentB940,[c-]1nc[nH]n1,-436.280275,0.055258,0.095156,351.338848,-0.0475,0.10894,-436.443037,-436.225017,-436.185119,4.255167999999999,Gaussian,QC,"opt+freq: b3lyp/6-311G** em=gd3bj
energy: M062X/6-311G+(2d, p) em=gd3"
40,ComponentB949,CCCCCOS(=O)(=O)[O-],-896.2467936,0.125458,0.175656,442.0396000000001,-0.08785,0.14665,-896.4659647,-896.1213356000001,-896.0711376,6.378399999999999,Gaussian,QC,"opt+freq: b3lyp/6-311G** em=gd3bj
energy: M062X/6-311G+(2d, p) em=gd3"
41,ComponentB950,CCCCC[B-](F)(F)F,-521.7583947,0.120255,0.168354,423.558872,-0.09301,0.15826,-521.9647458,-521.6381397,-521.5900407,6.834543999999999,Gaussian,QC,"opt+freq: b3lyp/6-311G** em=gd3bj
energy: M062X/6-311G+(2d, p) em=gd3"
42,ComponentB1012,N=C(N)NCCC[C@H](N)C(=O)[O-],-605.9507311,0.163501,0.217478,475.327504,-0.0686,0.15054,-606.2052445,-605.7872301,-605.7332531,5.960608,Gaussian,QC,"opt+freq: b3lyp/6-311G** em=gd3bj
energy: M062X/6-311G+(2d, p) em=gd3"
43,ComponentB1013,N[C@H](Cc1ccccc1)C(=O)[O-],-554.1934889,0.131759,0.181987,442.307376,-0.04181,0.08934,-554.4271186,-554.0617299,-554.0115019,3.56728,Gaussian,QC,"opt+freq: b3lyp/6-311G** em=gd3bj
energy: M062X/6-311G+(2d, p) em=gd3"
44,ComponentB1064,O=S1(=O)[N-]S(=O)(=O)C(F)(F)C(F)(F)C1(F)F,-1865.3864198,0.017198,0.073158,492.787336,-0.15022,0.12056,-1865.6990524,-1865.3692218,-1865.3132618,7.365216,Gaussian,QC,"opt+freq: b3lyp/6-311G** em=gd3bj
energy: M062X/6-311G+(2d, p) em=gd3"
45,ComponentB1100,Cc1ncc([N+](=O)[O-])[n-]1,-469.4708068,0.051572,0.093566,369.794472,-0.05666,0.09634,-469.6421073,-469.4192348,-469.3772408,4.1616,Gaussian,QC,"opt+freq: b3lyp/6-311G** em=gd3bj
energy: M062X/6-311G+(2d, p) em=gd3"
46,ComponentB1110,O=C([O-])c1ccncc1,-436.2824372,0.055228,0.095159,351.631728,-0.05068,0.1053,-436.4453165,-436.2272092,-436.1872782,4.242656,Gaussian,QC,"opt+freq: b3lyp/6-311G** em=gd3bj
energy: M062X/6-311G+(2d, p) em=gd3"
47,ComponentB1160,COC(=O)C(=O)[O-],-417.0706928,0.028126,0.069235,362.012232,-0.03796,0.17,-417.2067814,-417.0425668,-417.0014578,5.656512,Gaussian,QC,"opt+freq: b3lyp/6-311G** em=gd3bj
energy: M062X/6-311G+(2d, p) em=gd3"
48,ComponentB1228,CCC[B-](F)(F)F,-443.1468517,0.068545,0.11045,369.012064,-0.08819,0.18362,-443.3047027,-443.0783067,-443.0364017,7.393231999999999,Gaussian,QC,"opt+freq: b3lyp/6-311G** em=gd3bj
energy: M062X/6-311G+(2d, p) em=gd3"
49,ComponentB1321,CCOP(=O)([O-])OCC,-800.8282504,0.107688,0.157286,436.763576,-0.07332,0.16836,-801.0365467,-800.7205624,-800.6709644,6.573696,Gaussian,QC,"opt+freq: b3lyp/6-311G** em=gd3bj
energy: M062X/6-311G+(2d, p) em=gd3"
50,ComponentB1349,O=S(=O)([N-]S(=O)(=O)C(F)(F)C(F)(F)C(F)(F)F)C(F)(F)C(F)(F)C(F)(F)F,-2778.4767836,0.039128,0.125584,761.32064,-0.15994,0.11118,-2779.0342977,-2778.4376556,-2778.3511996,7.374464000000001,Gaussian,QC,"opt+freq: b3lyp/6-311G** em=gd3bj
energy: M062X/6-311G+(2d, p) em=gd3"
51,ComponentB1495,COP(=O)([O-])OC,-722.2086406,0.056104,0.099742,384.275296,-0.06847,0.18167,-722.3639209,-722.1525366,-722.1088986,6.803808000000001,Gaussian,QC,"opt+freq: b3lyp/6-311G** em=gd3bj
energy: M062X/6-311G+(2d, p) em=gd3"
52,ComponentB1498,Cl[Al-](Cl)(Cl)Cl,-2083.6222928,-0.028138,0.013813,369.413728,-0.1577,0.15123,-2083.7728151,-2083.6504308,-2083.6084798,8.402896,Gaussian,QC,"opt+freq: b3lyp/6-311G** em=gd3bj
energy: M062X/6-311G+(2d, p) em=gd3"
53,ComponentB1520,O=S(=O)([O-])C(F)(F)C(F)F,-1100.090239,0.008434,0.056441,422.747176,-0.09013,0.16387,-1100.2931996,-1100.081805,-1100.033798,6.9088,Gaussian,QC,"opt+freq: b3lyp/6-311G** em=gd3bj
energy: M062X/6-311G+(2d, p) em=gd3"
54,ComponentB1524,O=S([O-])C(F)(F)C(F)(F)C(F)(F)C(F)(F)F,-1599.6921337,0.009778,0.071894,546.9910560000001,-0.04904,0.1355,-1600.0265025,-1599.6823557,-1599.6202397,5.019488,Gaussian,QC,"opt+freq: b3lyp/6-311G** em=gd3bj
energy: M062X/6-311G+(2d, p) em=gd3"
55,ComponentB1525,O=S([O-])C(F)(F)F,-886.3071315,-0.012585,0.02811,358.3596000000001,-0.03057,0.19675,-886.4471821,-886.3197164999999,-886.2790215,6.183104,Gaussian,QC,"opt+freq: b3lyp/6-311G** em=gd3bj
energy: M062X/6-311G+(2d, p) em=gd3"
56,ComponentB1535,O=C([O-])c1ccccc1C(=O)O,-608.8113835,0.076175,0.123476,416.533936,-0.06022,0.10669,-609.0363762,-608.7352085,-608.6879075,4.539952,Gaussian,QC,"opt+freq: b3lyp/6-311G** em=gd3bj
energy: M062X/6-311G+(2d, p) em=gd3"
57,ComponentB1561,COC(=O)[O-],-303.7403045,0.022554,0.057535,308.042816,-0.02753,0.20525,-303.8386036,-303.7177505,-303.6827695,6.331615999999999,Gaussian,QC,"opt+freq: b3lyp/6-311G** em=gd3bj
energy: M062X/6-311G+(2d, p) em=gd3"
58,ComponentB1572,F[B-](F)(F)CC(F)(F)F,-701.6214229,0.016421,0.061609,397.91932,-0.12115,0.21458,-701.8109732,-701.6050018999999,-701.5598139,9.131855999999999,Gaussian,QC,"opt+freq: b3lyp/6-311G** em=gd3bj
energy: M062X/6-311G+(2d, p) em=gd3"
59,ComponentB1659,Cc1cccc(Nc2ccccc2C(=O)[O-])c1C,-785.2358447,0.201107,0.262333,539.15024,-0.06512,0.0933,-785.587276,-785.0347377,-784.9735117,4.309024,Gaussian,QC,"opt+freq: b3lyp/6-311G** em=gd3bj
energy: M062X/6-311G+(2d, p) em=gd3"
60,ComponentB1719,N#Cc1nc(C(F)(F)F)[n-]c1C#N,-747.2327407,0.019048,0.069523,444.483056,-0.1093,0.088,-747.4561757,-747.2136927,-747.1632177,5.366559999999999,Gaussian,QC,"opt+freq: b3lyp/6-311G** em=gd3bj
energy: M062X/6-311G+(2d, p) em=gd3"
61,ComponentB1896,O=[N+]([O-])[N-][N+](=O)[O-],-464.968549,-0.002614,0.03383,320.925352,-0.08327,0.10035,-465.1157268,-464.971163,-464.934719,4.994464,Gaussian,QC,"opt+freq: b3lyp/6-311G** em=gd3bj
energy: M062X/6-311G+(2d, p) em=gd3"
62,ComponentB1928,O=C([O-])C1([N+](=O)[O-])N=CN=N1,-634.7845131,0.020585,0.07016,436.5585600000001,-0.09936,0.06894,-634.9938313,-634.7639281,-634.7143531,4.57776,Gaussian,QC,"opt+freq: b3lyp/6-311G** em=gd3bj
energy: M062X/6-311G+(2d, p) em=gd3"
63,ComponentB1983,[F-],-99.8424676,-0.014159,0.00236,145.465128,0.12593,1.39928,-99.8213357,-99.85662660000001,-99.84010760000001,34.63512000000001,Gaussian,QC,"opt+freq: b3lyp/6-311G** em=gd3bj
energy: M062X/6-311G+(2d, p) em=gd3"
